{"accuracy": 0.9885166883468628, "loss": 0.03651032596826553, "time_real": 24.694944143295288, "time_process": 117.097782}