{"accuracy": 0.9886666536331177, "loss": 0.035268522799015045, "time_real": 26.5017511844635, "time_process": 116.809982}